Protein,Test_Methods,Test_Statistics,P_Value,Fold_Change,Adjusted_P_Value,log2_Fold_Change,Neg_log10_Adjusted_P_Value
sp|B7ZW38|HNRC3_HUMAN / sp|P0DMR1|HNRC4_HUMAN / sp|O60812|HNRC1_HUMAN,wilcoxon_signed_rank,44.0,0.00010570138692855835,0.36637264021704347,0.0010458988780827866,-1.4486163242499468,2.9805103028622457
sp|O00186|STXB3_HUMAN,wilcoxon_signed_rank,50.0,0.00021760910749435425,0.31933554410414,0.0017463312823836224,-1.646854951785772,2.757873366321343
sp|O00468|AGRIN_HUMAN,wilcoxon_signed_rank,30.0,1.5139579772949219e-05,0.47985682897213877,0.0002783710472428479,-1.0593240701837363,3.5553759367214703
sp|O00592|PODXL_HUMAN,wilcoxon_signed_rank,2.0,2.2351741790771484e-08,0.3915780134845084,5.645579413363808e-06,-1.3526283328246105,5.248291479228238
sp|O14735|CDIPT_HUMAN,wilcoxon_signed_rank,74.0,0.0024397894740104675,0.1724406828916531,0.010771434853519994,-2.535827913952528,1.9677264408561816
sp|O14745|NHRF1_HUMAN,wilcoxon_signed_rank,18.0,1.8849968910217285e-06,0.4424346252120498,7.86617398262024e-05,-1.1764637986751356,4.104236452172865
sp|O43175|SERA_HUMAN,wilcoxon_signed_rank,11.0,4.0978193283081055e-07,0.44247991055221364,2.9351395457538207e-05,-1.1763161393632,4.532371246201653
sp|O60279|SUSD5_HUMAN,wilcoxon_signed_rank,24.0,5.677342414855957e-06,0.37705486101659014,0.0001530649789263693,-1.407153645774468,3.8151241639643643
sp|O60762|DPM1_HUMAN,wilcoxon_signed_rank,60.0,0.0006467849016189575,0.22745273628911575,0.003964138879782091,-2.1363613043246565,2.4018511388319532
sp|O75891|AL1L1_HUMAN,wilcoxon_signed_rank,18.0,1.8849968910217285e-06,0.3964089753903654,7.86617398262024e-05,-1.3349384668620077,4.104236452172865
sp|O94788|AL1A2_HUMAN,wilcoxon_signed_rank,0.0,7.450580596923828e-09,0.1968634990879192,3.575533628463745e-06,-2.3447324522432313,5.446659132995071
sp|O95149|SPN1_HUMAN,wilcoxon_signed_rank,74.0,0.0024397894740104675,0.4328402750802402,0.010771434853519994,-1.2080933490609467,1.9677264408561816
sp|O95613|PCNT_HUMAN,wilcoxon_signed_rank,24.0,5.677342414855957e-06,0.22430096482113757,0.0001530649789263693,-2.156492268757975,3.8151241639643643
sp|P00488|F13A_HUMAN,wilcoxon_signed_rank,23.0,4.76837158203125e-06,0.49692286461945856,0.00013540482379981045,-1.0089061695938357,3.8683658636248572
sp|P00750|TPA_HUMAN,wilcoxon_signed_rank,1.0,1.4901161193847656e-08,0.42968172140501326,5.5008209668673e-06,-1.218659688497482,5.259572489637926
sp|P01033|TIMP1_HUMAN,wilcoxon_signed_rank,7.0,1.4156103134155273e-07,0.45633460343198684,1.3587027788162232e-05,-1.1318360387218107,4.86687553637826
sp|P01303|NPY_HUMAN,wilcoxon_signed_rank,5.0,7.450580596923828e-08,0.05187503273825603,9.932037856843735e-06,-4.2688158479448175,5.002961633762358
sp|P02533|K1C14_HUMAN,wilcoxon_signed_rank,53.0,0.0003059804439544678,0.40790780527363024,0.0022556069900729506,-1.2936849816725355,2.6467365682132256
sp|P04843|RPN1_HUMAN,wilcoxon_signed_rank,41.0,7.204711437225342e-05,0.48192682932686026,0.0007985083184121112,-1.0531139753629428,3.0977205552654348
sp|P05023|AT1A1_HUMAN,wilcoxon_signed_rank,4.0,5.21540641784668e-08,0.46590649547711116,8.07378561266007e-06,-1.101887650838732,5.092922786815087
sp|P05230|FGF1_HUMAN,wilcoxon_signed_rank,49.0,0.00019368529319763184,0.28839117096357225,0.001605346670216641,-1.793901097444715,2.7944311684274736
sp|P05783|K1C18_HUMAN,wilcoxon_signed_rank,3.0,3.725290298461914e-08,0.08370470495170085,7.449028392632803e-06,-3.5785474723788537,5.127900370370658
sp|P05787|K2C8_HUMAN,wilcoxon_signed_rank,5.0,7.450580596923828e-08,0.07401133591162204,9.932037856843735e-06,-3.7561099323983997,5.002961633762358
sp|P07101|TY3H_HUMAN,wilcoxon_signed_rank,20.0,2.7641654014587402e-06,0.4156037923289064,9.612485334493111e-05,-1.2667192761862753,4.017164309781261
sp|P07358|CO8B_HUMAN,wilcoxon_signed_rank,48.0,0.0001721307635307312,0.42236378279046444,0.001472469757903706,-1.2434419643309893,2.831953616140464
sp|P07910|HNRPC_HUMAN,wilcoxon_signed_rank,47.0,0.00015273690223693848,0.3809130304318119,0.0013473977827850511,-1.3924664538282963,2.8705041716374966
sp|P07942|LAMB1_HUMAN,wilcoxon_signed_rank,22.0,3.993511199951172e-06,0.4968588413734899,0.00012206917355774314,-1.0090920575389073,3.9133939957115347
sp|P08138|TNR16_HUMAN,wilcoxon_signed_rank,20.0,2.7641654014587402e-06,0.28597615394152964,9.612485334493111e-05,-1.8060332416759572,4.017164309781261
sp|P08708|RS17_HUMAN,wilcoxon_signed_rank,36.0,3.663450479507446e-05,0.387867140964046,0.0004966355607671253,-1.366365534991736,3.303962186730697
sp|P08727|K1C19_HUMAN,wilcoxon_signed_rank,5.0,7.450580596923828e-08,0.05549258018564284,9.932037856843735e-06,-4.17156130560905,5.002961633762358
sp|P08729|K2C7_HUMAN,wilcoxon_signed_rank,15.0,1.0207295417785645e-06,0.27271931792424464,5.2111500755269474e-05,-1.8745111984977318,4.283066419438363
sp|P10620|MGST1_HUMAN,wilcoxon_signed_rank,72.0,0.0020434409379959106,0.4781276408784087,0.009493197542538603,-1.064532283626529,2.022587481863125
sp|P10643|CO7_HUMAN,wilcoxon_signed_rank,22.0,3.993511199951172e-06,0.43783181194216814,0.00012206917355774314,-1.1915513133610756,3.9133939957115347
sp|P12429|ANXA3_HUMAN,wilcoxon_signed_rank,37.0,4.2110681533813477e-05,0.40997604611272126,0.0005476671021159102,-1.2863884758004,3.2614833459776102
sp|P12532|KCRU_HUMAN,wilcoxon_signed_rank,28.0,1.1049211025238037e-05,0.3212341802437837,0.0002335910295599883,-1.6383026869491393,3.6315438391598116
sp|P13646|K1C13_HUMAN,wilcoxon_signed_rank,6.0,1.043081283569336e-07,0.12473744685469974,1.1123882399664986e-05,-3.0030334598596857,4.953743611092176
sp|P13928|ANXA8_HUMAN,wilcoxon_signed_rank,0.0,7.450580596923828e-09,0.1781741529726912,3.575533628463745e-06,-2.4886400289742245,5.446659132995071
sp|P15311|EZRI_HUMAN,wilcoxon_signed_rank,7.0,1.4156103134155273e-07,0.4802951807784479,1.3587027788162232e-05,-1.0580067620603502,4.86687553637826
sp|P15880|RS2_HUMAN,wilcoxon_signed_rank,31.0,1.765042543411255e-05,0.2939522602154193,0.00030469205632484216,-1.7663462239854393,3.516138868190382
sp|P16870|CBPE_HUMAN,wilcoxon_signed_rank,11.0,4.0978193283081055e-07,0.39619661830688724,2.9351395457538207e-05,-1.3357115285739067,4.532371246201653
sp|P17302|CXA1_HUMAN,wilcoxon_signed_rank,21.0,3.330409526824951e-06,0.06591881690406554,0.00011099052305022875,-3.9231658401837284,3.954714101958384
sp|P17661|DESM_HUMAN,wilcoxon_signed_rank,26.0,7.964670658111572e-06,0.465196851774373,0.00019501252289937467,-1.1040867615002818,3.709937499142769
sp|P18031|PTN1_HUMAN,wilcoxon_signed_rank,19.0,2.2873282432556152e-06,0.2737790574317863,8.711816063002935e-05,-1.8689160021807647,4.059891302635447
sp|P18077|RL35A_HUMAN,wilcoxon_signed_rank,59.0,0.0005833879113197327,0.35721113595777954,0.003674118879820731,-1.4851510381106503,2.4348467957670388
sp|P18124|RL7_HUMAN,wilcoxon_signed_rank,61.0,0.0007162094116210938,0.39553358404963845,0.0042696757346206565,-1.3381278983312896,2.3696051067109027
sp|P18621|RL17_HUMAN,wilcoxon_signed_rank,59.0,0.0005833879113197327,0.38777125712005417,0.003674118879820731,-1.366722224777272,2.4348467957670388
sp|P19012|K1C15_HUMAN,wilcoxon_signed_rank,4.0,5.21540641784668e-08,0.0969785737627536,8.07378561266007e-06,-3.366190153204154,5.092922786815087
sp|P20648|ATP4A_HUMAN,wilcoxon_signed_rank,13.0,6.556510925292969e-07,0.36851404224389317,3.982872902592526e-05,-1.4402085005611995,4.399803552135344
sp|P21246|PTN_HUMAN,wilcoxon_signed_rank,1.0,1.4901161193847656e-08,0.17486202389304897,5.5008209668673e-06,-2.515711092592322,5.259572489637926
sp|P21980|TGM2_HUMAN,wilcoxon_signed_rank,16.0,1.259148120880127e-06,0.4028522434696724,5.982823596142306e-05,-1.3116773050203858,4.22309380216404
sp|P22090|RS4Y1_HUMAN,wilcoxon_signed_rank,45.0,0.00011970102787017822,0.32454609679752733,0.0011375153123742284,-1.6235046893961997,2.9440427484863463
sp|P23396|RS3_HUMAN,wilcoxon_signed_rank,46.0,0.0001353248953819275,0.36922654464680227,0.0012393591086600573,-1.4374218191147319,2.9068028370359924
sp|P26373|RL13_HUMAN,wilcoxon_signed_rank,63.0,0.0008751451969146729,0.4728366691693488,0.004981995017785902,-1.0805861719408891,2.302596711112875
sp|P27487|DPP4_HUMAN,wilcoxon_signed_rank,17.0,1.5422701835632324e-06,0.4057824252449976,7.048909153257097e-05,-1.3012217126931147,4.151878086608091
sp|P27635|RL10_HUMAN,wilcoxon_signed_rank,42.0,8.20159912109375e-05,0.3278727046195487,0.0008707848270382502,-1.608792292421764,3.060089146915017
sp|P27695|APEX1_HUMAN,wilcoxon_signed_rank,42.0,8.20159912109375e-05,0.48217538628462,0.0008707848270382502,-1.0523700876454858,3.060089146915017
sp|P32969|RL9_HUMAN,wilcoxon_signed_rank,54.0,0.0003418475389480591,0.47929523092276,0.002437632005069444,-1.0610135099447031,2.613031856646474
sp|P36578|RL4_HUMAN,wilcoxon_signed_rank,57.0,0.0004729032516479492,0.40472348328148544,0.0031740737128091025,-1.3049915339184823,2.4983829916660762
sp|P37108|SRP14_HUMAN,wilcoxon_signed_rank,30.0,1.5139579772949219e-05,0.4741058471252465,0.0002783710472428479,-1.0767189090228466,3.5553759367214703
sp|P39019|RS19_HUMAN,wilcoxon_signed_rank,43.0,9.319186210632324e-05,0.4866152544052323,0.0009576611268699042,-1.0391465483269426,3.0187881409902872
sp|P39023|RL3_HUMAN,wilcoxon_signed_rank,55.0,0.0003814026713371277,0.4091235585937013,0.0026798703070964507,-1.2893914804486888,2.5718862232380992
sp|P39656|OST48_HUMAN,wilcoxon_signed_rank,15.0,1.0207295417785645e-06,0.469159445742382,5.2111500755269474e-05,-1.0918497830447638,4.283066419438363
sp|P40429|RL13A_HUMAN,wilcoxon_signed_rank,51.0,0.000244140625,0.31848469769791327,0.0019113064590130506,-1.6507040382164138,2.718669672553768
sp|P46776|RL27A_HUMAN,wilcoxon_signed_rank,50.0,0.00021760910749435425,0.28563402040420044,0.0017463312823836224,-1.8077602732744964,2.757873366321343
sp|P46778|RL21_HUMAN,wilcoxon_signed_rank,53.0,0.0003059804439544678,0.3708706204406524,0.0022556069900729506,-1.4310121096654285,2.6467365682132256
sp|P46781|RS9_HUMAN,wilcoxon_signed_rank,40.0,6.318092346191406e-05,0.2962598494226792,0.0007359350769265184,-1.7550649763969888,3.1331604967714917
sp|P46782|RS5_HUMAN,wilcoxon_signed_rank,47.0,0.00015273690223693848,0.30322162654032625,0.0013473977827850511,-1.721555441016207,2.8705041716374966
sp|P46783|RS10_HUMAN,wilcoxon_signed_rank,43.0,9.319186210632324e-05,0.44603867845595346,0.0009576611268699042,-1.1647592753312244,3.0187881409902872
sp|P49207|RL34_HUMAN,wilcoxon_signed_rank,60.0,0.0006467849016189575,0.400202684083689,0.003964138879782091,-1.3211972517285608,2.4018511388319532
sp|P49327|FAS_HUMAN,wilcoxon_signed_rank,56.0,0.0004249662160873413,0.4352067348416366,0.002909290828820472,-1.2002272123628746,2.536212862101649
sp|P49590|SYHM_HUMAN,wilcoxon_signed_rank,44.0,0.00010570138692855835,0.44432461674569845,0.0010458988780827866,-1.17031402224724,2.9805103028622457
sp|P49760|CLK2_HUMAN,wilcoxon_signed_rank,66.0,0.0011721327900886536,0.44893405144462617,0.006222417322605585,-1.1554245667177463,2.206040865161268
sp|P50914|RL14_HUMAN,wilcoxon_signed_rank,60.0,0.0006467849016189575,0.317613020421031,0.003964138879782091,-1.6546580384776033,2.4018511388319532
sp|P51531|SMCA2_HUMAN,wilcoxon_signed_rank,16.0,1.259148120880127e-06,0.3621961303467159,5.982823596142306e-05,-1.4651569620709144,4.22309380216404
sp|P51532|SMCA4_HUMAN,wilcoxon_signed_rank,54.0,0.0003418475389480591,0.4644540888455069,0.002437632005069444,-1.1063921012256033,2.613031856646474
sp|P53985|MOT1_HUMAN,wilcoxon_signed_rank,97.0,0.014598868787288666,0.37322523953143105,0.043515510130557954,-1.4218815424715896,1.361355920895239
sp|P55060|XPO2_HUMAN,wilcoxon_signed_rank,73.0,0.0022339224815368652,0.48172326700220386,0.010104235616301053,-1.0537234878027393,1.9954965352094234
sp|P60866|RS20_HUMAN,wilcoxon_signed_rank,52.0,0.00027351081371307373,0.4099154254169691,0.0020867701033530062,-1.2866018142246503,2.680525393936353
sp|P61247|RS3A_HUMAN,wilcoxon_signed_rank,25.0,6.735324859619141e-06,0.36290689452723224,0.00017471796757466084,-1.4623286294017146,3.7576624309227213
sp|P61254|RL26_HUMAN,wilcoxon_signed_rank,59.0,0.0005833879113197327,0.3828914696013195,0.003674118879820731,-1.384992575991957,2.4348467957670388
sp|P61313|RL15_HUMAN,wilcoxon_signed_rank,58.0,0.0005255788564682007,0.47561131544027746,0.0034269740926506725,-1.072145055717632,2.4650891787511613
sp|P61326|MGN_HUMAN / sp|Q96A72|MGN2_HUMAN,wilcoxon_signed_rank,89.0,0.008224666118621826,0.36358150606337414,0.02787441575089417,-1.4596492776139391,1.554794226681787
sp|P61353|RL27_HUMAN,wilcoxon_signed_rank,65.0,0.0010645166039466858,0.3694509288312259,0.005778976450611024,-1.436545339266079,2.238149075284529
sp|P61513|RL37A_HUMAN,wilcoxon_signed_rank,53.0,0.0003059804439544678,0.440124150940374,0.0022556069900729506,-1.184017555952136,2.6467365682132256
sp|P62081|RS7_HUMAN,wilcoxon_signed_rank,29.0,1.2949109077453613e-05,0.3816711551573808,0.000261104094381092,-1.3895979360621216,3.583186317938935
sp|P62241|RS8_HUMAN,wilcoxon_signed_rank,32.0,2.0518898963928223e-05,0.3085573138562674,0.0003360757547027015,-1.696389603125882,3.4735628174282756
sp|P62244|RS15A_HUMAN,wilcoxon_signed_rank,38.0,4.830211400985718e-05,0.3552736977580272,0.0006100048556139594,-1.4929972103799785,3.2146667080089775
sp|P62249|RS16_HUMAN,wilcoxon_signed_rank,45.0,0.00011970102787017822,0.3414279509353803,0.0011375153123742284,-1.5503469257272464,2.9440427484863463
sp|P62263|RS14_HUMAN,wilcoxon_signed_rank,25.0,6.735324859619141e-06,0.3777783992376389,0.00017471796757466084,-1.4043878817890705,3.7576624309227213
sp|P62266|RS23_HUMAN,wilcoxon_signed_rank,35.0,3.17990779876709e-05,0.2710281314884499,0.000447518402530301,-1.8834854903468536,3.3491891012351362
sp|P62269|RS18_HUMAN,wilcoxon_signed_rank,47.0,0.00015273690223693848,0.344111758766156,0.0013473977827850511,-1.5390509031211863,2.8705041716374966
sp|P62273|RS29_HUMAN,wilcoxon_signed_rank,42.0,8.20159912109375e-05,0.31605118050197856,0.0008707848270382502,-1.6617698913029677,3.060089146915017
sp|P62277|RS13_HUMAN,wilcoxon_signed_rank,20.0,2.7641654014587402e-06,0.19988885853674984,9.612485334493111e-05,-2.3227300339190395,4.017164309781261
sp|P62280|RS11_HUMAN,wilcoxon_signed_rank,24.0,5.677342414855957e-06,0.25169148743850817,0.0001530649789263693,-1.9902716715467064,3.8151241639643643
sp|P62424|RL7A_HUMAN,wilcoxon_signed_rank,57.0,0.0004729032516479492,0.4223234257106117,0.0031740737128091025,-1.2435798211812568,2.4983829916660762
sp|P62701|RS4X_HUMAN,wilcoxon_signed_rank,33.0,2.380460500717163e-05,0.26532090516259316,0.0003649785924262513,-1.9141897420263827,3.4377326080471002
sp|P62753|RS6_HUMAN,wilcoxon_signed_rank,34.0,2.7544796466827393e-05,0.3954865159979023,0.0004042430527348766,-1.3382995876345074,3.39335743508225
sp|P62807|H2B1C_HUMAN / sp|P58876|H2B1D_HUMAN / sp|Q99880|H2B1L_HUMAN / sp|Q99879|H2B1M_HUMAN / sp|Q93079|H2B1H_HUMAN / sp|Q99877|H2B1N_HUMAN / sp|Q5QNW6|H2B2F_HUMAN,wilcoxon_signed_rank,72.0,0.0020434409379959106,0.49466410018924556,0.009493197542538603,-1.015478893911739,2.022587481863125
sp|P62829|RL23_HUMAN,wilcoxon_signed_rank,38.0,4.830211400985718e-05,0.48464559030598864,0.0006100048556139594,-1.0449979702989751,3.2146667080089775
sp|P62841|RS15_HUMAN,wilcoxon_signed_rank,53.0,0.0003059804439544678,0.3753349213884747,0.0022556069900729506,-1.4137495691970716,2.6467365682132256
sp|P62847|RS24_HUMAN,wilcoxon_signed_rank,41.0,7.204711437225342e-05,0.33807420860144927,0.0007985083184121112,-1.5645881364557677,3.0977205552654348
sp|P62851|RS25_HUMAN,wilcoxon_signed_rank,35.0,3.17990779876709e-05,0.3948212547509112,0.000447518402530301,-1.3407284371641357,3.3491891012351362
sp|P62854|RS26_HUMAN,wilcoxon_signed_rank,30.0,1.5139579772949219e-05,0.3201034339317238,0.0002783710472428479,-1.643389941310036,3.5553759367214703
sp|P62857|RS28_HUMAN,wilcoxon_signed_rank,37.0,4.2110681533813477e-05,0.4821137774159725,0.0005476671021159102,-1.0525544365166322,3.2614833459776102
sp|P62861|RS30_HUMAN,wilcoxon_signed_rank,14.0,8.195638656616211e-07,0.3236459134610944,4.796447550378195e-05,-1.6275118071937607,4.319080300220563
sp|P62888|RL30_HUMAN,wilcoxon_signed_rank,63.0,0.0008751451969146729,0.4454783791566409,0.004981995017785902,-1.1665726811882566,2.302596711112875
sp|P62906|RL10A_HUMAN,wilcoxon_signed_rank,50.0,0.00021760910749435425,0.3201508981983495,0.0017463312823836224,-1.643176037369775,2.757873366321343
sp|P62910|RL32_HUMAN,wilcoxon_signed_rank,65.0,0.0010645166039466858,0.43040374020743377,0.005778976450611024,-1.2162374799220284,2.238149075284529
sp|P62917|RL8_HUMAN,wilcoxon_signed_rank,52.0,0.00027351081371307373,0.432359784294953,0.0020867701033530062,-1.2096957570517464,2.680525393936353
sp|P63272|SPT4H_HUMAN,wilcoxon_signed_rank,75.0,0.0026621222496032715,0.49428217604051833,0.011437354230838047,-1.0165932114757994,1.9416744279765195
sp|P67812|SC11A_HUMAN,wilcoxon_signed_rank,49.0,0.00019368529319763184,0.35463516831092606,0.001605346670216641,-1.4955924829825535,2.7944311684274736
sp|P83881|RL36A_HUMAN,wilcoxon_signed_rank,44.0,0.00010570138692855835,0.36560858286711334,0.0010458988780827866,-1.4516281560163324,2.9805103028622457
sp|P98194|AT2C1_HUMAN,wilcoxon_signed_rank,15.0,1.0207295417785645e-06,0.2623634437593339,5.2111500755269474e-05,-1.9303613779083644,4.283066419438363
sp|Q01105|SET_HUMAN,wilcoxon_signed_rank,49.0,0.00019368529319763184,0.45599379518596095,0.001605346670216641,-1.132913901452054,2.7944311684274736
sp|Q02543|RL18A_HUMAN,wilcoxon_signed_rank,66.0,0.0011721327900886536,0.3802164929630362,0.006222417322605585,-1.3951069805760639,2.206040865161268
sp|Q02878|RL6_HUMAN,wilcoxon_signed_rank,65.0,0.0010645166039466858,0.437429080015525,0.005778976450611024,-1.1928789618364466,2.238149075284529
sp|Q04695|K1C17_HUMAN,wilcoxon_signed_rank,6.0,1.043081283569336e-07,0.16260871500891988,1.1123882399664986e-05,-2.6205235142074073,4.953743611092176
sp|Q06278|AOXA_HUMAN,wilcoxon_signed_rank,33.0,2.380460500717163e-05,0.4797083686251572,0.0003649785924262513,-1.0597704869746,3.4377326080471002
sp|Q07020|RL18_HUMAN,wilcoxon_signed_rank,61.0,0.0007162094116210938,0.37545003419529244,0.0042696757346206565,-1.413307171741968,2.3696051067109027
sp|Q13219|PAPP1_HUMAN,wilcoxon_signed_rank,6.0,1.043081283569336e-07,0.4820488782561972,1.1123882399664986e-05,-1.0527486562275,4.953743611092176
sp|Q13243|SRSF5_HUMAN,wilcoxon_signed_rank,75.0,0.0026621222496032715,0.45483278591820425,0.011437354230838047,-1.1365918424672572,1.9416744279765195
sp|Q13308|PTK7_HUMAN,wilcoxon_signed_rank,8.0,1.862645149230957e-07,0.3182221374248524,1.596220369849886e-05,-1.6518938932782894,4.796907151329234
sp|Q13421|MSLN_HUMAN,wilcoxon_signed_rank,3.0,3.725290298461914e-08,0.13851967456798647,7.449028392632803e-06,-2.851837191639696,5.127900370370658
sp|Q13449|LSAMP_HUMAN,wilcoxon_signed_rank,43.0,9.319186210632324e-05,0.4616036238751029,0.0009576611268699042,-1.115273544807525,3.0187881409902872
sp|Q13485|SMAD4_HUMAN,wilcoxon_signed_rank,70.0,0.0017047896981239319,0.44354897589540904,0.008255586035617305,-1.1728346817243605,2.0832520922375153
sp|Q14116|IL18_HUMAN,wilcoxon_signed_rank,21.0,3.330409526824951e-06,0.43911745262604324,0.00011099052305022875,-1.1873212196880567,3.954714101958384
sp|Q14728|MFS10_HUMAN,wilcoxon_signed_rank,74.0,0.0024397894740104675,0.21997412429957028,0.010771434853519994,-2.184594266320261,1.9677264408561816
sp|Q14CN4|K2C72_HUMAN,wilcoxon_signed_rank,8.0,1.862645149230957e-07,0.1745377469747294,1.596220369849886e-05,-2.518389015563464,4.796907151329234
sp|Q15124|PGM5_HUMAN,wilcoxon_signed_rank,21.0,3.330409526824951e-06,0.4888585871994866,0.00011099052305022875,-1.0325108997530104,3.954714101958384
sp|Q16629|SRSF7_HUMAN,wilcoxon_signed_rank,34.0,2.7544796466827393e-05,0.425454682729927,0.0004042430527348766,-1.2329226233347537,3.39335743508225
sp|Q16647|PTGIS_HUMAN,wilcoxon_signed_rank,13.0,6.556510925292969e-07,0.3528637327899336,3.982872902592526e-05,-1.5028169368379112,4.399803552135344
sp|Q16762|THTR_HUMAN,wilcoxon_signed_rank,51.0,0.000244140625,0.4575156187810711,0.0019113064590130506,-1.1281070995707463,2.718669672553768
sp|Q52LC2|VAS1L_HUMAN,wilcoxon_signed_rank,19.0,2.2873282432556152e-06,0.4850120011183793,8.711816063002935e-05,-1.0439076491550996,4.059891302635447
sp|Q52LJ0|FA98B_HUMAN,wilcoxon_signed_rank,30.0,1.5139579772949219e-05,0.4872982022565181,0.0002783710472428479,-1.037123194746607,3.5553759367214703
sp|Q53GG5|PDLI3_HUMAN,wilcoxon_signed_rank,20.0,2.7641654014587402e-06,0.37546208023841887,9.612485334493111e-05,-1.413260884656307,4.017164309781261
sp|Q53QV2|LBH_HUMAN,wilcoxon_signed_rank,68.0,0.001416526734828949,0.4334495529000128,0.007155696632046449,-1.2060639999778715,2.145348079762153
sp|Q5IJ48|CRUM2_HUMAN,wilcoxon_signed_rank,37.0,4.2110681533813477e-05,0.39321444126139327,0.0005476671021159102,-1.3466117875689683,3.2614833459776102
sp|Q5TZA2|CROCC_HUMAN,wilcoxon_signed_rank,7.0,1.4156103134155273e-07,0.11433016003006664,1.3587027788162232e-05,-3.1287220615348006,4.86687553637826
sp|Q5VT79|AXA81_HUMAN,wilcoxon_signed_rank,0.0,7.450580596923828e-09,0.1837269242841272,3.575533628463745e-06,-2.4443650330277253,5.446659132995071
sp|Q6DKI1|RL7L_HUMAN,wilcoxon_signed_rank,71.0,0.0018673688173294067,0.32637932364611083,0.008811703986591764,-1.615378430402907,2.0549401006212547
sp|Q6P1J9|CDC73_HUMAN,wilcoxon_signed_rank,34.0,2.7544796466827393e-05,0.3919800411323283,0.0004042430527348766,-1.3511478979256568,3.39335743508225
sp|Q6ZMP0|THSD4_HUMAN,wilcoxon_signed_rank,42.0,8.20159912109375e-05,0.1770519492933938,0.0008707848270382502,-2.497755367394447,3.060089146915017
sp|Q6ZU35|CRACD_HUMAN,wilcoxon_signed_rank,93.0,0.01102352887392044,0.17915671475354936,0.03484974642025309,-2.4807059784383254,1.4578003776430297
sp|Q71UM5|RS27L_HUMAN / sp|P42677|RS27_HUMAN,wilcoxon_signed_rank,22.0,3.993511199951172e-06,0.4040898100647542,0.00012206917355774314,-1.3072521233570857,3.9133939957115347
sp|Q86SE5|RALYL_HUMAN,wilcoxon_signed_rank,52.0,0.00027351081371307373,0.38572273696856,0.0020867701033530062,-1.374363904728382,2.680525393936353
sp|Q8IVN8|SBSPO_HUMAN,wilcoxon_signed_rank,6.0,1.043081283569336e-07,0.1597587978435805,1.1123882399664986e-05,-2.6460327129745,4.953743611092176
sp|Q8IXH6|T53I2_HUMAN,wilcoxon_signed_rank,56.0,0.0008492294116545201,0.26260215942557996,0.0049579707378710975,-1.929049315062632,2.304696040782924
sp|Q8IXQ4|GPAM1_HUMAN,wilcoxon_signed_rank,61.0,0.0007162094116210938,0.40192075780591885,0.0042696757346206565,-1.3150170053973682,2.3696051067109027
sp|Q8N142|PURA1_HUMAN,wilcoxon_signed_rank,46.0,0.0001353248953819275,0.4183811742864064,0.0012393591086600573,-1.2571101581559532,2.9068028370359924
sp|Q8N1G2|CMTR1_HUMAN,wilcoxon_signed_rank,60.0,0.0006467849016189575,0.4298252640803734,0.003964138879782091,-1.2181778115347106,2.4018511388319532
sp|Q8N335|GPD1L_HUMAN,wilcoxon_signed_rank,2.0,2.2351741790771484e-08,0.256421945904162,5.645579413363808e-06,-1.9634083544119962,5.248291479228238
sp|Q8N4T0|CBPA6_HUMAN,wilcoxon_signed_rank,57.0,0.0004729032516479492,0.41022839780782366,0.0031740737128091025,-1.285500729938328,2.4983829916660762
sp|Q8N5M9|JAGN1_HUMAN,wilcoxon_signed_rank,81.0,0.004406772553920746,0.40425763953968363,0.017082472929132196,-1.3066530573124209,1.7674492588381348
sp|Q8NDW4|ZN248_HUMAN,wilcoxon_signed_rank,77.0,0.003160528838634491,0.30501694337132873,0.013166126646360174,-1.7130387097893571,1.8805419716994434
sp|Q8NFW8|NEUA_HUMAN,wilcoxon_signed_rank,15.0,1.0207295417785645e-06,0.42725514656791647,5.2111500755269474e-05,-1.2268302246751426,4.283066419438363
sp|Q8TD08|MK15_HUMAN,wilcoxon_signed_rank,15.0,1.0207295417785645e-06,0.45748070889930703,5.2111500755269474e-05,-1.1282171859433356,4.283066419438363
sp|Q8TD47|RS4Y2_HUMAN,wilcoxon_signed_rank,29.0,1.2949109077453613e-05,0.2942014046270092,0.000261104094381092,-1.7651239603150715,3.583186317938935
sp|Q8WUT4|LRRN4_HUMAN,wilcoxon_signed_rank,0.0,7.450580596923828e-09,0.3260824600847553,3.575533628463745e-06,-1.616691254013489,5.446659132995071
sp|Q8WWA0|ITLN1_HUMAN,wilcoxon_signed_rank,0.0,7.450580596923828e-09,0.09070560312955328,3.575533628463745e-06,-3.462664517107567,5.446659132995071
sp|Q8WWY3|PRP31_HUMAN,wilcoxon_signed_rank,26.0,7.964670658111572e-06,0.470861929402679,0.00019501252289937467,-1.0866240137498036,3.709937499142769
sp|Q92522|H1X_HUMAN,wilcoxon_signed_rank,26.0,7.964670658111572e-06,0.47138724777311386,0.00019501252289937467,-1.0850153643504854,3.709937499142769
sp|Q92688|AN32B_HUMAN,wilcoxon_signed_rank,59.0,0.0005833879113197327,0.40395992762634225,0.003674118879820731,-1.307715908549182,2.4348467957670388
sp|Q969E4|TCAL3_HUMAN / sp|Q5H9L2|TCAL5_HUMAN,wilcoxon_signed_rank,48.0,0.0001721307635307312,0.46890290332463375,0.001472469757903706,-1.0926388830090856,2.831953616140464
sp|Q969Q0|RL36L_HUMAN,wilcoxon_signed_rank,44.0,0.00010570138692855835,0.2767035641266355,0.0010458988780827866,-1.8535868679445322,2.9805103028622457
sp|Q96AM1|MRGRF_HUMAN,wilcoxon_signed_rank,0.0,7.450580596923828e-09,0.2534748651481239,3.575533628463745e-06,-1.9800853998243573,5.446659132995071
sp|Q96F85|CNRP1_HUMAN,wilcoxon_signed_rank,18.0,1.8849968910217285e-06,0.48012430144390644,7.86617398262024e-05,-1.0585201351763645,4.104236452172865
sp|Q96J01|THOC3_HUMAN,wilcoxon_signed_rank,28.0,1.1049211025238037e-05,0.205468146577887,0.0002335910295599883,-2.2830133425185255,3.6315438391598116
sp|Q96N66|MBOA7_HUMAN,wilcoxon_signed_rank,79.0,0.003738619387149811,0.4067992443175839,0.014938912938328011,-1.2976110956828215,1.825681003729594
sp|Q99759|M3K3_HUMAN,wilcoxon_signed_rank,27.0,9.395182132720947e-06,0.47976677123051337,0.0002178139084779122,-1.059594855224018,3.661914391878907
sp|Q99848|EBP2_HUMAN,wilcoxon_signed_rank,72.0,0.0020434409379959106,0.035923781571365575,0.009493197542538603,-4.798916964219692,2.022587481863125
sp|Q9BQ67|GRWD1_HUMAN,wilcoxon_signed_rank,59.0,0.0005833879113197327,0.24773037962762157,0.003674118879820731,-2.013157295133861,2.4348467957670388
sp|Q9BQ69|MACD1_HUMAN,wilcoxon_signed_rank,71.0,0.0018673688173294067,0.48536561951782037,0.008811703986591764,-1.0428561749187317,2.0549401006212547
sp|Q9BQB6|VKOR1_HUMAN,wilcoxon_signed_rank,47.0,0.00015273690223693848,0.40939490203340045,0.0013473977827850511,-1.2884349574916574,2.8705041716374966
sp|Q9BQI4|CCDC3_HUMAN,wilcoxon_signed_rank,49.0,0.00019368529319763184,0.4843277907255143,0.001605346670216641,-1.045944307740564,2.7944311684274736
sp|Q9BS40|LXN_HUMAN,wilcoxon_signed_rank,42.0,8.20159912109375e-05,0.4965406972489241,0.0008707848270382502,-1.0100161267550607,3.060089146915017
sp|Q9BV10|ALG12_HUMAN,wilcoxon_signed_rank,27.0,6.424684296669231e-05,0.001414831813224393,0.0007465389815911776,-9.465153720402435,3.1269475100448663
sp|Q9BVC6|TM109_HUMAN,wilcoxon_signed_rank,31.0,1.765042543411255e-05,0.4689462134509195,0.00030469205632484216,-1.0925056349133322,3.516138868190382
sp|Q9BVJ7|DUS23_HUMAN,wilcoxon_signed_rank,5.0,7.450580596923828e-08,0.47002612585935105,9.932037856843735e-06,-1.0891871453307427,5.002961633762358
sp|Q9BWT6|MND1_HUMAN,wilcoxon_signed_rank,73.0,0.0022339224815368652,0.2809228641018447,0.010104235616301053,-1.8317540457738544,1.9954965352094234
sp|Q9BXJ8|TACAN_HUMAN,wilcoxon_signed_rank,82.0,0.004778154194355011,0.3298298099669697,0.01811245022014984,-1.6002062996656856,1.7420227951242993
sp|Q9BXN1|ASPN_HUMAN,wilcoxon_signed_rank,58.0,0.0005255788564682007,0.43726965211996804,0.0034269740926506725,-1.1934048705371139,2.4650891787511613
sp|Q9H0W5|CCDC8_HUMAN,wilcoxon_signed_rank,28.0,1.1049211025238037e-05,0.07665340287350618,0.0002335910295599883,-3.705506350927057,3.6315438391598116
sp|Q9H2U1|DHX36_HUMAN,wilcoxon_signed_rank,15.0,1.0207295417785645e-06,0.4896765692525943,5.2111500755269474e-05,-1.0300989293324354,4.283066419438363
sp|Q9H330|TM245_HUMAN,wilcoxon_signed_rank,15.0,1.0207295417785645e-06,0.40068997075126694,5.2111500755269474e-05,-1.3194416952471528,4.283066419438363
sp|Q9H3M7|TXNIP_HUMAN,wilcoxon_signed_rank,53.0,0.0003059804439544678,0.434676656742115,0.0022556069900729506,-1.201985473636786,2.6467365682132256
sp|Q9H6N6|MYH16_HUMAN,wilcoxon_signed_rank,13.0,6.556510925292969e-07,0.4968338467646869,3.982872902592526e-05,-1.0091646345007932,4.399803552135344
sp|Q9NX24|NHP2_HUMAN,wilcoxon_signed_rank,42.0,8.20159912109375e-05,0.39654615393554743,0.0008707848270382502,-1.3344393041691753,3.060089146915017
sp|Q9NXD2|MTMRA_HUMAN,wilcoxon_signed_rank,13.0,6.556510925292969e-07,0.19194395089230934,3.982872902592526e-05,-2.381243000475782,4.399803552135344
sp|Q9NXG2|THUM1_HUMAN,wilcoxon_signed_rank,22.0,3.993511199951172e-06,0.4249561479491884,0.00012206917355774314,-1.234614120461382,3.9133939957115347
sp|Q9NZA1|CLIC5_HUMAN,wilcoxon_signed_rank,4.0,5.21540641784668e-08,0.4529290256903832,8.07378561266007e-06,-1.1426430982730822,5.092922786815087
sp|Q9NZR1|TMOD2_HUMAN,wilcoxon_signed_rank,4.0,5.21540641784668e-08,0.4164517842994906,8.07378561266007e-06,-1.2637786210939754,5.092922786815087
sp|Q9P2B2|FPRP_HUMAN,wilcoxon_signed_rank,22.0,3.993511199951172e-06,0.4610690397730497,0.00012206917355774314,-1.1169453011077928,3.9133939957115347
sp|Q9P2M7|CING_HUMAN,wilcoxon_signed_rank,44.0,0.00010570138692855835,0.46317732193890815,0.0010458988780827866,-1.1103634769816677,2.9805103028622457
sp|Q9UI09|NDUAC_HUMAN,wilcoxon_signed_rank,23.0,4.76837158203125e-06,0.497886176730889,0.00013540482379981045,-1.0061121337887573,3.8683658636248572
sp|Q9UKX2|MYH2_HUMAN / sp|P12882|MYH1_HUMAN,wilcoxon_signed_rank,16.0,1.259148120880127e-06,0.19487344207035118,5.982823596142306e-05,-2.359390605646728,4.22309380216404
sp|Q9UL42|PNMA2_HUMAN,wilcoxon_signed_rank,56.0,0.0004249662160873413,0.46543381067982587,0.002909290828820472,-1.1033520781098214,2.536212862101649
sp|Q9UNL2|SSRG_HUMAN,wilcoxon_signed_rank,37.0,4.2110681533813477e-05,0.32595215853846243,0.0005476671021159102,-1.6172678657202606,3.2614833459776102
sp|Q9UNN8|EPCR_HUMAN,wilcoxon_signed_rank,0.0,7.450580596923828e-09,0.2850790034522928,3.575533628463745e-06,-1.8105663086130392,5.446659132995071
sp|Q9UNZ5|L10K_HUMAN,wilcoxon_signed_rank,40.0,6.318092346191406e-05,0.32797801657383074,0.0007359350769265184,-1.6083289765159177,3.1331604967714917
sp|Q9Y3U8|RL36_HUMAN,wilcoxon_signed_rank,56.0,0.0004249662160873413,0.381344472130433,0.002909290828820472,-1.3908333079073714,2.536212862101649
sp|A2A2Z9|AN18B_HUMAN,wilcoxon_signed_rank,12.0,5.21540641784668e-07,2.3919063520287547,3.575533628463746e-05,1.2581609062130679,4.44665913299507
sp|A4FU69|EFCB5_HUMAN,wilcoxon_signed_rank,53.0,0.0003059804439544678,2.3036677961034315,0.0022556069900729506,1.2039326857605501,2.6467365682132256
sp|O00192|ARVC_HUMAN,wilcoxon_signed_rank,40.0,6.318092346191406e-05,2.014611845722706,0.0007359350769265184,1.010501902180628,3.1331604967714917
sp|O14561|ACPM_HUMAN,wilcoxon_signed_rank,68.0,0.001416526734828949,3.0200453815973844,0.007155696632046449,1.5945702287932602,2.145348079762153
sp|O75339|CILP1_HUMAN,wilcoxon_signed_rank,3.0,3.725290298461914e-08,2.452842687111698,7.449028392632803e-06,1.2944547097204144,5.127900370370658
sp|O76031|CLPX_HUMAN,wilcoxon_signed_rank,35.0,3.17990779876709e-05,2.7138216102521,0.000447518402530301,1.4403258900776426,3.3491891012351362
sp|O76070|SYUG_HUMAN,wilcoxon_signed_rank,26.0,7.964670658111572e-06,2.613573015053508,0.00019501252289937467,1.386023464246793,3.709937499142769
sp|O76076|CCN5_HUMAN,wilcoxon_signed_rank,4.0,5.21540641784668e-08,2.319020192310582,8.07378561266007e-06,1.213515381958696,5.092922786815087
sp|O95429|BAG4_HUMAN,wilcoxon_signed_rank,59.0,0.0005833879113197327,2.251351158881107,0.003674118879820731,1.1707911015118102,2.4348467957670388
sp|P00167|CYB5_HUMAN / sp|CYB5_HUMAN|P00167,wilcoxon_signed_rank,16.0,1.259148120880127e-06,2.2170170639153777,5.982823596142306e-05,1.1486198743691143,4.22309380216404
sp|P02452|CO1A1_HUMAN,wilcoxon_signed_rank,28.0,1.1049211025238037e-05,3.994495875359733,0.0002335910295599883,1.998013439571065,3.6315438391598116
sp|P02461|CO3A1_HUMAN,wilcoxon_signed_rank,28.0,1.1049211025238037e-05,2.9061791153669976,0.0002335910295599883,1.5391236227533924,3.6315438391598116
sp|P02649|APOE_HUMAN,wilcoxon_signed_rank,46.0,0.0001353248953819275,2.112042570595895,0.0012393591086600573,1.0786389141322676,2.9068028370359924
sp|P05452|TETN_HUMAN,wilcoxon_signed_rank,2.0,2.2351741790771484e-08,2.4065313747396844,5.645579413363808e-06,1.2669552323143325,5.248291479228238
sp|P06702|S10A9_HUMAN,wilcoxon_signed_rank,65.0,0.0010645166039466858,2.3178090125144526,0.005778976450611024,1.2127616931562601,2.238149075284529
sp|P08123|CO1A2_HUMAN,wilcoxon_signed_rank,55.0,0.0003814026713371277,2.970290623245905,0.0026798703070964507,1.5706040960775718,2.5718862232380992
sp|P08473|NEP_HUMAN,wilcoxon_signed_rank,41.0,7.204711437225342e-05,3.142480729361637,0.0007985083184121112,1.6519038976323717,3.0977205552654348
sp|P08913|ADA2A_HUMAN,wilcoxon_signed_rank,36.0,3.663450479507446e-05,2.448650005728736,0.0004966355607671253,1.2919865790942748,3.303962186730697
sp|P09486|SPRC_HUMAN,wilcoxon_signed_rank,10.0,3.203749656677246e-07,2.3134957232318936,2.4798055810313072e-05,1.2100744319147319,4.605582366913739
sp|P09972|ALDOC_HUMAN,wilcoxon_signed_rank,0.0,7.450580596923828e-09,3.1934359416871385,3.575533628463745e-06,1.6751095112481107,5.446659132995071
sp|P0DJI8|SAA1_HUMAN,wilcoxon_signed_rank,60.0,0.0006467849016189575,2.0322517818065573,0.003964138879782091,1.023079153025953,2.4018511388319532
sp|P12107|COBA1_HUMAN / sp|P20908|CO5A1_HUMAN,wilcoxon_signed_rank,54.0,0.0003418475389480591,4.505160825100343,0.002437632005069444,2.1715786082437676,2.613031856646474
sp|P12111|CO6A3_HUMAN,wilcoxon_signed_rank,18.0,1.8849968910217285e-06,2.2515311860600993,7.86617398262024e-05,1.1709064606522894,4.104236452172865
sp|P13611|CSPG2_HUMAN,wilcoxon_signed_rank,3.0,3.725290298461914e-08,2.614304995448905,7.449028392632803e-06,1.3864274616205827,5.127900370370658
sp|P14384|CBPM_HUMAN,wilcoxon_signed_rank,7.0,1.4156103134155273e-07,2.679425545142343,1.3587027788162232e-05,1.4219237275452647,4.86687553637826
sp|P16671|CD36_HUMAN,wilcoxon_signed_rank,36.0,3.663450479507446e-05,2.119128489569732,0.0004966355607671253,1.0834710655982929,3.303962186730697
sp|P20930|FILA_HUMAN,wilcoxon_signed_rank,38.0,4.830211400985718e-05,2.295112756895566,0.0006100048556139594,1.1985650337340645,3.2146667080089775
sp|P22413|ENPP1_HUMAN,wilcoxon_signed_rank,15.0,1.0207295417785645e-06,2.3741368559714395,5.2111500755269474e-05,1.247403100835125,4.283066419438363
sp|P25940|CO5A3_HUMAN,wilcoxon_signed_rank,33.0,2.380460500717163e-05,2.7739121047937267,0.0003649785924262513,1.471922074616383,3.4377326080471002
sp|P26447|S10A4_HUMAN,wilcoxon_signed_rank,0.0,7.450580596923828e-09,2.169236865241048,3.575533628463745e-06,1.1171875936514997,5.446659132995071
sp|P39059|COFA1_HUMAN,wilcoxon_signed_rank,23.0,4.76837158203125e-06,2.0255916124229363,0.00013540482379981045,1.018343335974425,3.8683658636248572
sp|P41159|LEP_HUMAN / sp|LEP_HUMAN|P41159,wilcoxon_signed_rank,8.0,1.862645149230957e-07,2.693153133386548,1.596220369849886e-05,1.4292962641865319,4.796907151329234
sp|P41271|NBL1_HUMAN,wilcoxon_signed_rank,71.0,0.0018673688173294067,3.389442027210324,0.008811703986591764,1.7610477952402035,2.0549401006212547
sp|P42330|AK1C3_HUMAN,wilcoxon_signed_rank,36.0,3.663450479507446e-05,2.4749933236665327,0.0004966355607671253,1.3074246335049036,3.303962186730697
sp|P43121|MUC18_HUMAN,wilcoxon_signed_rank,19.0,2.2873282432556152e-06,2.004596680133286,8.711816063002935e-05,1.0033119992224255,4.059891302635447
sp|P43351|RAD52_HUMAN,wilcoxon_signed_rank,28.0,1.1049211025238037e-05,2.544171646163292,0.0002335910295599883,1.3471960073812788,3.6315438391598116
sp|P47929|LEG7_HUMAN,wilcoxon_signed_rank,61.0,0.0007162094116210938,2.539947048574241,0.0042696757346206565,1.3447984207944323,2.3696051067109027
sp|P48304|REG1B_HUMAN / sp|P05451|REG1A_HUMAN,wilcoxon_signed_rank,63.0,0.0008751451969146729,2.027061801536716,0.004981995017785902,1.019390074700889,2.302596711112875
sp|P51857|AK1D1_HUMAN,wilcoxon_signed_rank,60.0,0.0006467849016189575,2.676654876601588,0.003964138879782091,1.4204311322869818,2.4018511388319532
sp|P52895|AK1C2_HUMAN,wilcoxon_signed_rank,61.0,0.0007162094116210938,2.1306417106606497,0.0042696757346206565,1.0912880094923358,2.3696051067109027
sp|P55268|LAMB2_HUMAN,wilcoxon_signed_rank,9.0,2.4586915969848633e-07,2.0398035005871997,2.0343553403328203e-05,1.0284301804406248,4.691573186680121
sp|P55957|BID_HUMAN / sp|BID_HUMAN|P55957,wilcoxon_signed_rank,49.0,0.00019368529319763184,2.053933287593605,0.001605346670216641,1.038389323223343,2.7944311684274736
sp|P98179|RBM3_HUMAN,wilcoxon_signed_rank,26.0,7.964670658111572e-06,2.4941548118952994,0.00019501252289937467,1.318551015858014,3.709937499142769
sp|Q04828|AK1C1_HUMAN,wilcoxon_signed_rank,47.0,0.00015273690223693848,2.222500044535181,0.0013473977827850511,1.1521834479642394,2.8705041716374966
sp|Q07507|DERM_HUMAN,wilcoxon_signed_rank,30.0,1.5139579772949219e-05,3.002804927846995,0.0002783710472428479,1.5863107556913136,3.5553759367214703
sp|Q08397|LOXL1_HUMAN,wilcoxon_signed_rank,43.0,9.319186210632324e-05,2.2220918551066986,0.0009576611268699042,1.1519184549663817,3.0187881409902872
sp|Q13231|CHIT1_HUMAN,wilcoxon_signed_rank,24.0,5.677342414855957e-06,2.7666854138861003,0.0001530649789263693,1.4681586115560712,3.8151241639643643
sp|Q13361|MFAP5_HUMAN,wilcoxon_signed_rank,59.0,0.0005833879113197327,2.026548028292463,0.003674118879820731,1.0190243670246644,2.4348467957670388
sp|Q13510|ASAH1_HUMAN,wilcoxon_signed_rank,31.0,1.765042543411255e-05,2.0077761126661824,0.00030469205632484216,1.0055984031758893,3.516138868190382
sp|Q13790|APOF_HUMAN,wilcoxon_signed_rank,50.0,0.00021760910749435425,2.3738540115667592,0.0017463312823836224,1.2472312141437465,2.757873366321343
sp|Q14031|CO4A6_HUMAN,wilcoxon_signed_rank,25.0,6.735324859619141e-06,13.930605509885192,0.00017471796757466084,3.8001860625984607,3.7576624309227213
sp|Q15063|POSTN_HUMAN,wilcoxon_signed_rank,5.0,7.450580596923828e-08,2.904497464447021,9.932037856843735e-06,1.5382885704226814,5.002961633762358
sp|Q15067|ACOX1_HUMAN,wilcoxon_signed_rank,28.0,1.1049211025238037e-05,2.1936905231737542,0.0002335910295599883,1.1333600106203938,3.6315438391598116
sp|Q16143|SYUB_HUMAN,wilcoxon_signed_rank,31.0,1.765042543411255e-05,2.11378318190572,0.00030469205632484216,1.0798274020604925,3.516138868190382
sp|Q16610|ECM1_HUMAN,wilcoxon_signed_rank,31.0,1.765042543411255e-05,2.607588283978872,0.00030469205632484216,1.3827160982684858,3.516138868190382
sp|Q2MKA7|RSPO1_HUMAN,wilcoxon_signed_rank,30.0,1.5139579772949219e-05,4.613909147573394,0.0002783710472428479,2.2059895962108,3.5553759367214703
sp|Q4ZHG4|FNDC1_HUMAN,wilcoxon_signed_rank,56.0,0.0004249662160873413,2.4139787234655334,0.002909290828820472,1.2714129603986364,2.536212862101649
sp|Q5JSZ5|PRC2B_HUMAN,wilcoxon_signed_rank,88.0,0.007629185914993286,2.490768230034824,0.026151759432894845,1.3165907827445895,1.5824990874355962
sp|Q5VUM1|SDHF4_HUMAN,wilcoxon_signed_rank,40.0,6.318092346191406e-05,2.1024113740428176,0.0007359350769265184,1.0720449857723002,3.1331604967714917
sp|Q6UB28|MAP12_HUMAN,wilcoxon_signed_rank,11.0,4.0978193283081055e-07,3.389950564236552,2.9351395457538207e-05,1.7612642346445682,4.532371246201653
sp|Q6UWP8|SBSN_HUMAN,wilcoxon_signed_rank,13.0,6.556510925292969e-07,3.638366803936419,3.982872902592526e-05,1.8632909964099753,4.399803552135344
sp|Q6UXB8|PI16_HUMAN,wilcoxon_signed_rank,32.0,2.0518898963928223e-05,2.0682273516894933,0.0003360757547027015,1.0483947838765,3.4735628174282756
sp|Q6UXG3|CLM9_HUMAN,wilcoxon_signed_rank,29.0,1.2949109077453613e-05,2.7666588498805544,0.000261104094381092,1.4681447596223252,3.583186317938935
sp|Q7L1Q6|BZW1_HUMAN,wilcoxon_signed_rank,66.0,0.0011721327900886536,2.6799767374987513,0.006222417322605585,1.42222047798124,2.206040865161268
sp|Q86UX2|ITIH5_HUMAN,wilcoxon_signed_rank,3.0,3.725290298461914e-08,2.413557111350361,7.449028392632803e-06,1.271160965289704,5.127900370370658
sp|Q8IWS0|PHF6_HUMAN,wilcoxon_signed_rank,45.0,0.00011970102787017822,2.196365352007128,0.0011375153123742284,1.135118057843657,2.9440427484863463
sp|Q8IXQ3|CI040_HUMAN,wilcoxon_signed_rank,33.0,2.380460500717163e-05,2.0620673838309824,0.0003649785924262513,1.044091477580125,3.4377326080471002
sp|Q8IYS5|OSCAR_HUMAN,wilcoxon_signed_rank,16.0,1.259148120880127e-06,2.120474855264825,5.982823596142306e-05,1.0843873754597786,4.22309380216404
sp|Q8N1W1|ARG28_HUMAN,wilcoxon_signed_rank,35.0,3.17990779876709e-05,2.1274038695689304,0.000447518402530301,1.0890939427081643,3.3491891012351362
sp|Q8NFV4|ABHDB_HUMAN,wilcoxon_signed_rank,79.0,0.003738619387149811,2.27957767767084,0.014938912938328011,1.1887665705455823,1.825681003729594
sp|Q8TCC3|RM30_HUMAN,wilcoxon_signed_rank,74.0,0.0024397894740104675,3.0408984672547135,0.010771434853519994,1.6044976469397356,1.9677264408561816
sp|Q8WVV4|POF1B_HUMAN,wilcoxon_signed_rank,87.0,0.007071197032928467,2.883986620812874,0.02459034388479979,1.5280644717452785,1.6092353978075749
sp|Q8WW22|DNJA4_HUMAN,wilcoxon_signed_rank,94.0,0.011838570237159729,2.058831180076202,0.03679617782909944,1.0418255367928355,1.4341972909444396
sp|Q8WYQ3|CHC10_HUMAN,wilcoxon_signed_rank,87.0,0.007071197032928467,2.7919302083001853,0.02459034388479979,1.4812628780097103,1.6092353978075749
sp|Q92576|PHF3_HUMAN,wilcoxon_signed_rank,73.0,0.0022339224815368652,3.007512083566341,0.010104235616301053,1.5885705338655964,1.9954965352094234
sp|Q92823|NRCAM_HUMAN,wilcoxon_signed_rank,6.0,1.043081283569336e-07,4.223634824049493,1.1123882399664986e-05,2.0784851045099533,4.953743611092176
sp|Q96AJ9|VTI1A_HUMAN,wilcoxon_signed_rank,34.0,2.7544796466827393e-05,2.967888323990904,0.0004042430527348766,1.5694368071016793,3.39335743508225
sp|Q96CG8|CTHR1_HUMAN,wilcoxon_signed_rank,17.0,1.5422701835632324e-06,2.0325313976989587,7.048909153257097e-05,1.0232776386248859,4.151878086608091
sp|Q96EL2|RT24_HUMAN,wilcoxon_signed_rank,99.0,0.016727693378925323,2.2816503603078067,0.04835915694304977,1.1900777302344252,1.3155212789066515
sp|Q99685|MGLL_HUMAN,wilcoxon_signed_rank,14.0,8.195638656616211e-07,2.7287973301851105,4.796447550378195e-05,1.448265248553186,4.319080300220563
sp|Q9BSA9|TM175_HUMAN,wilcoxon_signed_rank,58.0,0.0005255788564682007,2.0107197349360004,0.0034269740926506725,1.0077120049669819,2.4650891787511613
sp|Q9BSL1|UBAC1_HUMAN,wilcoxon_signed_rank,90.0,0.008859716355800629,2.293495325911363,0.029464850167350808,1.197547967244871,1.530695763007936
sp|Q9H4G4|GAPR1_HUMAN,wilcoxon_signed_rank,2.0,2.2351741790771484e-08,3.153950479570358,5.645579413363808e-06,1.657160008435611,5.248291479228238
sp|Q9H6B4|CLMP_HUMAN,wilcoxon_signed_rank,22.0,3.993511199951172e-06,2.4664353237471928,0.00012206917355774314,1.3024274566684824,3.9133939957115347
sp|Q9HB19|PKHA2_HUMAN,wilcoxon_signed_rank,32.0,2.0518898963928223e-05,2.201263156754676,0.0003360757547027015,1.1383316269425714,3.4735628174282756
sp|Q9HBR0|S38AA_HUMAN,wilcoxon_signed_rank,14.0,8.195638656616211e-07,3.4635006802530968,4.796447550378195e-05,1.7922309571875001,4.319080300220563
sp|Q9HCU0|CD248_HUMAN,wilcoxon_signed_rank,6.0,1.043081283569336e-07,3.2493825135318835,1.1123882399664986e-05,1.7001655860474068,4.953743611092176
sp|Q9NQX5|NPDC1_HUMAN,wilcoxon_signed_rank,85.0,0.006060026586055756,2.0893677571407516,0.02170303551229968,1.0630664487034716,1.6634795189604923
sp|Q9NRA2|S17A5_HUMAN,wilcoxon_signed_rank,30.0,1.5139579772949219e-05,2.037648508412057,0.0002783710472428479,1.026905210039086,3.5553759367214703
sp|Q9UI17|M2GD_HUMAN,wilcoxon_signed_rank,21.0,3.330409526824951e-06,2.045808733966764,0.00011099052305022875,1.0326712714487285,3.954714101958384
sp|Q9UJ83|HACL1_HUMAN,wilcoxon_signed_rank,6.0,1.043081283569336e-07,2.5843205126554696,1.1123882399664986e-05,1.369785007084232,4.953743611092176
sp|Q9UKF6|CPSF3_HUMAN,wilcoxon_signed_rank,51.0,0.000244140625,2.044170735053909,0.0019113064590130506,1.0315156993717538,2.718669672553768
sp|Q9Y2T3|GUAD_HUMAN,wilcoxon_signed_rank,32.0,2.0518898963928223e-05,2.1655294576540003,0.0003360757547027015,1.1147197974908143,3.4735628174282756
